AposA,Location,Bmax (Binding),sem (Bmax),logIC50 (Binding),sem (IC50),n (binding),Fmut (IC50),Emax (cAMP),sem (EC50),logEC50 (cAMP),sem (cAMP),Efficacy at 100pmol (cAMP),n (cAMP),Fmut(EC50),Emax (Arrestin),sem (Arrestin Emax)),logEC50 (Arrestin),sem (Arrestin EC50),n (Arrestin),Fmut(EC50),100pM efficacy,Arrestin,Binding,GRCh_38_location
WT,,100,0.00,-9.1,0.0,21,1.0,100,1.6,-11.3,0.0,100,34,1.0,100,1.4,-9.0,0.05,32,1.0,,,,
R12Q,ECD,109,10,-9.1,0.1,5,1.1,86,8.4,-11.4,0.1,83,6,0.9,92,9.1,-8.7,0.20,5,2.0,WT-like,WT-like,WT-like,19-45669555-G-A
L13F,ECD,73,3.7,-9.1,0.1,3,1.2,87,12.0,-11.3,0.1,81,4,1.0,68,7.6,-8.7,0.12,5,1.9,WT-like,WT-like,WT-like,19-45669557-C-T
T25R,ECD,24,2.7,-9.4,0.2,3,0.5,113,15.5,-10.2,0.1,70,4,11.8,19,4.3,-9.3,0.25,5,0.5,WT-like,LoF,LoF,19-45670636-C-G
R38L,ECD,52,5.8,-9.0,0.0,3,1.2,100,7.7,-10.9,0.1,84,4,2.9,82,7.4,-9.0,0.12,5,1.0,WT-like,WT-like,WT-like,19-45670675-G-T
R43G,ECD,80,7.4,-9.3,0.0,3,0.6,131,14.5,-11.2,0.1,116,5,1.4,48,2.5,-9.1,0.08,5,0.8,WT-like,LoF,WT-like,19-45670689-C-G
S64P,ECD,0.0,0.0,0.0,0.0,3,#VALUE!,0,0.0,0.0,0.0,0.0,6,0.0,0,0.0,0.0,0.00,5,0.0,LoF,LoF,LoF,19-45671302-T-C
M67R,ECD,4,0.9,-9.1,0.2,3,1.1,18,4.8,-10.4,0.3,13,4,8.2,145,9.2,-8.2,0.11,6,7.2,LoF,GoF,LoF,19-45671312-T-G
Y73H,ECD,20,4.0,-8.9,0.2,3,1.7,15,2.8,-10.9,0.5,6,6,2.9,132,15.1,-9.1,0.15,5,0.8,LoF,GoF,LoF,19-45671329-T-C
C84P*,ECD,0.0,0.0,0.0,0.0,3,#VALUE!,0,0.0,0.0,0.0,0.0,5,0.0,0,0.0,0.0,0.00,5,0.0,LoF,LoF,LoF,19-45671359-T-TCCTG
W90L*,ECD,1.4,0.5,-9.3,0.1,3,0.6,11,3.1,-8.4,0.1,0.5,5,744.6,15,5.9,-10.8,0.90,5,0.0,LoF,LoF,LoF,19-45671379-CT-C
V99I,ECD,17,4.8,-9.0,0.1,3,1.2,15,4.3,-9.2,0.1,4,4,120.1,62,2.8,-8.9,0.08,5,1.2,LoF,WT-like,LoF,19-45672865-G-A
R101H,ECD,1.4,0.15,-8.6,1.0,3,3.2,0,0.0,0.0,0.0,0.0,4,0.0,0,0.0,0.0,0.00,5,0.0,LoF,LoF ,LoF,19-45672872-G-A
T116R,ECD,13,2.3,-8.8,0.2,4,1.9,0,0.0,0.0,0.0,4,3,0.0,62,6.3,-8.7,0.14,5,2.0,LoF,WT-like,LoF,19-45672917-C-G
G144S,1.46,8.8,3.7,-9.0,0.3,3,1.2,130,30.3,-9.2,0.1,20,3,143.2,0,0.0,0.0,0.00,5,0.0,LoF,LoF,LoF,19-45674119-G-A
A150T,1.52,14,2.7,-9.2,0.1,3,0.9,16,1.0,-11.3,0.3,16,3,1.0,82,6.1,-8.9,0.25,5,1.3,LoF,WT-like,LoF,19-45674137-G-A
R164W,ICL1,1.1,0.2,-10.1,0.4,3,0.1,9,3.8,-8.4,0.3,0.3,4,772.2,0,0.0,0.0,0.00,5,0.0,LoF,LoF,LoF,19-45674683-C-T
R164Q,ICL1,86,3.5,-9.2,0.1,3,0.9,135,19.7,-10.8,0.1,115,6,3.1,31,2.4,-8.9,0.24,5,1.2,WT-like,LoF,WT-like,19-45674684-G-A
H166Y,ICL1,70,12,-9.0,0.1,3,1.3,129,24.4,-10.6,0.1,96,3,5.1,36,4.0,-9.2,0.17,5,0.6,WT-like,LoF,WT-like,19-45674689-C-T
T168A,2.45,6.6,2.4,-9.4,0.3,3,0.6,28,6.2,-10.9,0.4,22,4,2.4,22,1.7,-9.3,0.07,5,0.6,LoF,LoF,LoF,19-45674695-A-G
R183Q,2.60,33,1.7,-8.4,0.0,3,5.4,118,18.9,-8.0,0.1,0.00,3,2020.8,4,1.1,0.0,0.00,5,0.0,LoF,LoF,LoF,19-45674741-G-A
A185V,2.62,22,7.8,-9.3,0.1,3,0.7,27,5.7,-11.6,0.4,26,3,0.5,89,7.5,-9.0,0.06,5,1.1,LoF,WT-like,LoF,19-45674747-C-T
R190Q,2.67,29.6,11.3,-8.3,0.2,3,6.4,72,5.6,-8.1,0.1,1,7,1535.6,11,3.8,-8.9,0.61,6,1.4,LoF,LoF,LoF,19-45674762-G-A
P195R,ECL1,22,1.9,-8.88,0.16,3,1.7,16,2.8,-10.4,0.6,12,6,8.5,86,11.6,-9.0,0.06,5,0.9,LoF,WT-like,LoF,19-45674777-C-G
A207V,ECL1,17,2.6,-9.09,0.03,3,1.1,20,6.6,-9.9,0.6,16,6,27.2,83,5.6,-9.4,0.22,4,0.4,LoF,WT-like,LoF,19-45674813-C-T
I221M,3.34,51,1.5,-9.25,0.11,4,0.7,112,13.2,-10.5,0.1,82,5,7.1,20,2.6,-9.4,0.07,3,0.4,WT-like,LoF,WT-like,19-45676978-C-G
W233*,3.46,3.9,0.6,-9.46,0.31,3,0.5,86,12.5,-8.8,0.2,6,3,306.4,0,0.0,0.0,0.00,3,0.0,LoF,LoF,LoF,19-45677014-G-A
Y258S*,4.44,0.0,0.0,0.00,0.00,4,1311666809.9,0,0.0,0.0,0.0,0,3,0.0,0,0.0,0.0,0.00,3,0.0,LoF,LoF,LoF,19-45677087-T-TACTACCTG
L261H,4.47,15,1.7,-9.13,0.13,4,1.0,113,18.9,-9.7,0.1,45,4,37.8,0,0.0,0.0,0.00,3,0.0,LoF,LoF,LoF,19-45677097-T-A
E288G,ECL2,13.3,6.1,-8.43,0.04,3,4.9,83,12.4,-8.5,0.2,4,7,730.0,9,5.1,-9.1,1.24,5,0.7,LoF,LoF,LoF,19-45677718-A-G
E291K,ECL2,18,2.6,-9.36,0.32,4,0.6,230,22.4,-9.5,0.2,35,4,63.9,20,10.0,-8.5,0.21,3,3.4,LoF,LoF,LoF,19-45677726-G-A
A294V,ECL2,55,7.9,-9.35,0.29,4,0.6,87,14.3,-10.6,0.2,62,3,5.0,63,10.2,-9.0,0.11,3,1.0,WT-like,WT-like,WT-like,19-45677736-C-T
I299V,5.39,95,6.4,-9.18,0.12,4,0.9,118,16.7,-10.8,0.2,100,3,3.5,76,8.3,-9.0,0.17,3,1.0,WT-like,WT-like,WT-like,19-45677750-A-G
R300W,5.40,25,7.3,-8.97,0.05,4,1.4,114,26.4,-8.2,0.2,0,3,1401.8,0,0.0,0.0,0.00,3,0.0,LoF,LoF,LoF,19-45677753-C-T
L304R,5.44,25,10,-9.34,0.04,4,0.6,37,9.0,-10.1,0.5,24,7,17.0,13,5.0,-9.4,0.60,4,0.4,LoF,LoF,LoF,19-45677766-T-G
R336P,6.35,53,10,-9.17,0.04,4,0.9,42,7.0,-10.7,0.2,32,5,4.3,21,4.6,-8.8,1.22,4,1.6,LoF,LoF,WT-like,19-45677988-G-C
E354Q,6.53,106,26,-8.65,0.28,3,2.9,116,15.4,-11.2,0.1,113,3,1.3,98,19.4,-8.5,0.37,4,3.2,WT-like,WT-like,WT-like,19-45678134-G-C
I378M,7.43,72,13,-9.37,0.28,4,0.6,78,9.5,-11.1,0.4,82,3,1.8,136,24.8,-9.1,0.14,3,0.8,WT-like,GoF,WT-like,19-45678208-C-G
S382T,7.47,15,2.3,-8.99,0.29,3,1.3,105,12.4,-9.1,0.1,11,6,180.2,6,3.9,-9.4,0.04,3,0.4,LoF,LoF,LoF,19-45678218-T-A
S382Y,7.47,2.1,0.1,-8.22,0.43,3,8.0,43,12.6,-6.6,0.5,1,6,55316.1,0,0.0,0.0,0.00,3,0.0,LoF,LoF,LoF,19-45678219-C-A
K397N,ICD,60,4.5,-9.21,0.20,3,0.8,68,5.3,-10.7,0.2,52,3,4.0,38,8.6,-8.9,0.21,3,1.3,WT-like,LoF,WT-like,19-45681642-G-C
Q400G*,ICD,0,0.00,0.00,0.00,3,1311666809.9,0,0.0,0.0,0.0,0,3,0.0,0,0.0,0.0,0.00,3,0.0,LoF,LoF,LoF,19-45681719-C-CGTCTCACAGGTGCA
V399M,ICD,17,2.9,-9.31,0.07,3,0.6,147,26.5,-9.3,0.1,24,3,114.6,0,0.0,0.0,0.00,3,0.0,LoF,LoF,LoF,19-45681729-G-A
S415I,ICD,104,13,-9.07,0.11,3,1.1,71,12.1,-11.2,0.1,66,6,1.4,93,6.1,-9.1,0.07,3,0.8,WT-like,WT-like,WT-like,19-45681778-G-T
E418K,ICD,104,18,-9.09,0.16,3,1.1,80,9.6,-11.4,0.1,79,6,0.9,91,8.7,-9.2,0.07,3,0.7,WT-like,WT-like,WT-like,19-45681786-G-A
G449A,ICD,84,19,-9.25,0.33,3,0.7,65,8.0,-11.1,0.1,61,6,1.5,53,17.2,-9.2,0.20,3,0.6,WT-like,WT-like,WT-like,19-45681880-G-C
E461*,ICD,152,30,-9.18,0.10,4,0.9,179,25.4,-11.1,0.1,150,4,1.8,60,4.3,-9.2,0.05,3,0.7,GoF,WT-like,WT-like,19-45681915-G-T
E463Q,ICD,69,14,-9.03,0.10,3,1.2,95,2.7,-11.2,0.1,91,2,1.3,49,8.7,-9.1,0.05,3,0.9,WT-like,WT-like,WT-like,19-45681921-G-C
,,,,,,,,,,,,,,,,,,,,,,,,